timestep,decision,prb_decision,policy_decision
1,"(36, 3, 11, 0, 1, 0)","[36, 3, 11]","[0, 1, 0]"
2,"(36, 3, 11, 1, 2, 2)","[36, 3, 11]","[1, 2, 2]"
3,"(36, 3, 11, 1, 2, 2)","[36, 3, 11]","[1, 2, 2]"
4,"(36, 3, 11, 1, 2, 2)","[36, 3, 11]","[1, 2, 2]"
5,"(36, 3, 11, 1, 2, 2)","[36, 3, 11]","[1, 2, 2]"
6,"(36, 3, 11, 1, 2, 2)","[36, 3, 11]","[1, 2, 2]"
7,"(36, 3, 11, 1, 2, 2)","[36, 3, 11]","[1, 2, 2]"
8,"(36, 3, 11, 1, 2, 2)","[36, 3, 11]","[1, 2, 2]"
9,"(36, 3, 11, 1, 2, 2)","[36, 3, 11]","[1, 2, 2]"
10,"(36, 3, 11, 1, 2, 2)","[36, 3, 11]","[1, 2, 2]"
11,"(36, 3, 11, 1, 2, 2)","[36, 3, 11]","[1, 2, 2]"
12,"(36, 3, 11, 1, 2, 2)","[36, 3, 11]","[1, 2, 2]"
13,"(36, 3, 11, 1, 2, 2)","[36, 3, 11]","[1, 2, 2]"
14,"(36, 3, 11, 1, 2, 2)","[36, 3, 11]","[1, 2, 2]"
15,"(36, 3, 11, 1, 2, 2)","[36, 3, 11]","[1, 2, 2]"
16,"(36, 3, 11, 1, 2, 2)","[36, 3, 11]","[1, 2, 2]"
17,"(36, 3, 11, 1, 2, 2)","[36, 3, 11]","[1, 2, 2]"
18,"(36, 3, 11, 1, 2, 2)","[36, 3, 11]","[1, 2, 2]"
19,"(36, 3, 11, 1, 2, 2)","[36, 3, 11]","[1, 2, 2]"
20,"(36, 3, 11, 1, 2, 2)","[36, 3, 11]","[1, 2, 2]"
21,"(36, 3, 11, 1, 2, 2)","[36, 3, 11]","[1, 2, 2]"
22,"(36, 3, 11, 1, 2, 2)","[36, 3, 11]","[1, 2, 2]"
23,"(36, 3, 11, 1, 2, 2)","[36, 3, 11]","[1, 2, 2]"
24,"(36, 3, 11, 1, 2, 2)","[36, 3, 11]","[1, 2, 2]"
25,"(36, 3, 11, 1, 2, 2)","[36, 3, 11]","[1, 2, 2]"
26,"(36, 3, 11, 1, 2, 2)","[36, 3, 11]","[1, 2, 2]"
27,"(36, 3, 11, 1, 2, 2)","[36, 3, 11]","[1, 2, 2]"
28,"(36, 3, 11, 1, 2, 2)","[36, 3, 11]","[1, 2, 2]"
29,"(36, 3, 11, 1, 2, 2)","[36, 3, 11]","[1, 2, 2]"
30,"(36, 3, 11, 1, 2, 2)","[36, 3, 11]","[1, 2, 2]"
31,"(36, 3, 11, 1, 2, 2)","[36, 3, 11]","[1, 2, 2]"
32,"(36, 3, 11, 1, 2, 2)","[36, 3, 11]","[1, 2, 2]"
33,"(36, 3, 11, 1, 2, 2)","[36, 3, 11]","[1, 2, 2]"
34,"(36, 3, 11, 1, 2, 2)","[36, 3, 11]","[1, 2, 2]"
35,"(36, 3, 11, 1, 2, 2)","[36, 3, 11]","[1, 2, 2]"
36,"(36, 3, 11, 1, 2, 2)","[36, 3, 11]","[1, 2, 2]"
37,"(36, 3, 11, 1, 2, 2)","[36, 3, 11]","[1, 2, 2]"
38,"(36, 3, 11, 1, 2, 2)","[36, 3, 11]","[1, 2, 2]"
39,"(36, 3, 11, 1, 2, 2)","[36, 3, 11]","[1, 2, 2]"
40,"(36, 3, 11, 1, 2, 2)","[36, 3, 11]","[1, 2, 2]"
41,"(36, 3, 11, 1, 2, 2)","[36, 3, 11]","[1, 2, 2]"
42,"(36, 3, 11, 1, 2, 2)","[36, 3, 11]","[1, 2, 2]"
43,"(36, 3, 11, 1, 2, 2)","[36, 3, 11]","[1, 2, 2]"
44,"(36, 3, 11, 1, 2, 2)","[36, 3, 11]","[1, 2, 2]"
45,"(36, 3, 11, 1, 2, 2)","[36, 3, 11]","[1, 2, 2]"
46,"(36, 3, 11, 1, 2, 2)","[36, 3, 11]","[1, 2, 2]"
47,"(36, 3, 11, 1, 2, 2)","[36, 3, 11]","[1, 2, 2]"
48,"(36, 3, 11, 1, 2, 2)","[36, 3, 11]","[1, 2, 2]"
49,"(36, 3, 11, 1, 2, 2)","[36, 3, 11]","[1, 2, 2]"
50,"(36, 3, 11, 1, 2, 2)","[36, 3, 11]","[1, 2, 2]"
51,"(36, 3, 11, 1, 2, 2)","[36, 3, 11]","[1, 2, 2]"
52,"(36, 3, 11, 1, 2, 2)","[36, 3, 11]","[1, 2, 2]"
53,"(36, 3, 11, 1, 2, 2)","[36, 3, 11]","[1, 2, 2]"
54,"(36, 3, 11, 1, 2, 2)","[36, 3, 11]","[1, 2, 2]"
55,"(36, 3, 11, 1, 2, 2)","[36, 3, 11]","[1, 2, 2]"
56,"(36, 3, 11, 1, 2, 2)","[36, 3, 11]","[1, 2, 2]"
57,"(36, 3, 11, 1, 2, 2)","[36, 3, 11]","[1, 2, 2]"
58,"(36, 3, 11, 1, 2, 2)","[36, 3, 11]","[1, 2, 2]"
59,"(36, 3, 11, 1, 2, 2)","[36, 3, 11]","[1, 2, 2]"
60,"(36, 3, 11, 1, 2, 2)","[36, 3, 11]","[1, 2, 2]"
61,"(36, 3, 11, 1, 2, 2)","[36, 3, 11]","[1, 2, 2]"
62,"(36, 3, 11, 1, 2, 2)","[36, 3, 11]","[1, 2, 2]"
63,"(36, 3, 11, 1, 2, 2)","[36, 3, 11]","[1, 2, 2]"
64,"(36, 3, 11, 1, 2, 2)","[36, 3, 11]","[1, 2, 2]"
65,"(36, 3, 11, 1, 2, 2)","[36, 3, 11]","[1, 2, 2]"
66,"(36, 3, 11, 1, 2, 2)","[36, 3, 11]","[1, 2, 2]"
67,"(36, 3, 11, 1, 2, 2)","[36, 3, 11]","[1, 2, 2]"
68,"(36, 3, 11, 1, 2, 2)","[36, 3, 11]","[1, 2, 2]"
69,"(36, 3, 11, 1, 2, 2)","[36, 3, 11]","[1, 2, 2]"
70,"(36, 3, 11, 1, 2, 2)","[36, 3, 11]","[1, 2, 2]"
71,"(36, 3, 11, 1, 2, 2)","[36, 3, 11]","[1, 2, 2]"
72,"(36, 3, 11, 1, 2, 2)","[36, 3, 11]","[1, 2, 2]"
73,"(36, 3, 11, 1, 2, 2)","[36, 3, 11]","[1, 2, 2]"
74,"(36, 3, 11, 1, 2, 2)","[36, 3, 11]","[1, 2, 2]"
75,"(36, 3, 11, 1, 2, 2)","[36, 3, 11]","[1, 2, 2]"
76,"(36, 3, 11, 1, 2, 2)","[36, 3, 11]","[1, 2, 2]"
77,"(36, 3, 11, 1, 2, 2)","[36, 3, 11]","[1, 2, 2]"
78,"(36, 3, 11, 1, 2, 2)","[36, 3, 11]","[1, 2, 2]"
79,"(36, 3, 11, 1, 2, 2)","[36, 3, 11]","[1, 2, 2]"
80,"(36, 3, 11, 1, 2, 2)","[36, 3, 11]","[1, 2, 2]"
81,"(36, 3, 11, 1, 2, 2)","[36, 3, 11]","[1, 2, 2]"
82,"(36, 3, 11, 1, 2, 2)","[36, 3, 11]","[1, 2, 2]"
83,"(36, 3, 11, 1, 2, 2)","[36, 3, 11]","[1, 2, 2]"
84,"(36, 3, 11, 1, 2, 2)","[36, 3, 11]","[1, 2, 2]"
85,"(36, 3, 11, 1, 2, 2)","[36, 3, 11]","[1, 2, 2]"
86,"(36, 3, 11, 1, 2, 2)","[36, 3, 11]","[1, 2, 2]"
87,"(36, 3, 11, 1, 2, 2)","[36, 3, 11]","[1, 2, 2]"
88,"(36, 3, 11, 1, 2, 2)","[36, 3, 11]","[1, 2, 2]"
89,"(36, 3, 11, 1, 2, 2)","[36, 3, 11]","[1, 2, 2]"
90,"(36, 3, 11, 1, 2, 2)","[36, 3, 11]","[1, 2, 2]"
91,"(36, 3, 11, 1, 2, 2)","[36, 3, 11]","[1, 2, 2]"
92,"(36, 3, 11, 1, 2, 2)","[36, 3, 11]","[1, 2, 2]"
93,"(36, 3, 11, 1, 2, 2)","[36, 3, 11]","[1, 2, 2]"
94,"(36, 3, 11, 1, 2, 2)","[36, 3, 11]","[1, 2, 2]"
95,"(36, 3, 11, 1, 2, 2)","[36, 3, 11]","[1, 2, 2]"
96,"(36, 3, 11, 1, 2, 2)","[36, 3, 11]","[1, 2, 2]"
97,"(36, 3, 11, 1, 2, 2)","[36, 3, 11]","[1, 2, 2]"
98,"(36, 3, 11, 1, 2, 2)","[36, 3, 11]","[1, 2, 2]"
99,"(36, 3, 11, 1, 2, 2)","[36, 3, 11]","[1, 2, 2]"
100,"(36, 3, 11, 1, 2, 2)","[36, 3, 11]","[1, 2, 2]"
101,"(36, 3, 11, 1, 2, 2)","[36, 3, 11]","[1, 2, 2]"
102,"(36, 3, 11, 1, 2, 2)","[36, 3, 11]","[1, 2, 2]"
103,"(36, 3, 11, 1, 2, 2)","[36, 3, 11]","[1, 2, 2]"
104,"(36, 3, 11, 1, 2, 2)","[36, 3, 11]","[1, 2, 2]"
105,"(36, 3, 11, 1, 2, 2)","[36, 3, 11]","[1, 2, 2]"
106,"(36, 3, 11, 1, 2, 2)","[36, 3, 11]","[1, 2, 2]"
107,"(36, 3, 11, 1, 2, 2)","[36, 3, 11]","[1, 2, 2]"
108,"(36, 3, 11, 1, 2, 2)","[36, 3, 11]","[1, 2, 2]"
109,"(36, 3, 11, 1, 2, 2)","[36, 3, 11]","[1, 2, 2]"
110,"(36, 3, 11, 1, 2, 2)","[36, 3, 11]","[1, 2, 2]"
111,"(36, 3, 11, 1, 2, 2)","[36, 3, 11]","[1, 2, 2]"
112,"(36, 3, 11, 1, 2, 2)","[36, 3, 11]","[1, 2, 2]"
113,"(36, 3, 11, 1, 2, 2)","[36, 3, 11]","[1, 2, 2]"
114,"(36, 3, 11, 1, 2, 2)","[36, 3, 11]","[1, 2, 2]"
115,"(36, 3, 11, 1, 2, 2)","[36, 3, 11]","[1, 2, 2]"
116,"(36, 3, 11, 1, 2, 2)","[36, 3, 11]","[1, 2, 2]"
117,"(36, 3, 11, 1, 2, 2)","[36, 3, 11]","[1, 2, 2]"
118,"(36, 3, 11, 1, 2, 2)","[36, 3, 11]","[1, 2, 2]"
119,"(36, 3, 11, 1, 2, 2)","[36, 3, 11]","[1, 2, 2]"
120,"(36, 3, 11, 1, 2, 2)","[36, 3, 11]","[1, 2, 2]"
121,"(36, 3, 11, 1, 2, 2)","[36, 3, 11]","[1, 2, 2]"
122,"(36, 3, 11, 1, 2, 2)","[36, 3, 11]","[1, 2, 2]"
123,"(36, 3, 11, 1, 2, 2)","[36, 3, 11]","[1, 2, 2]"
124,"(36, 3, 11, 1, 2, 2)","[36, 3, 11]","[1, 2, 2]"
125,"(36, 3, 11, 1, 2, 2)","[36, 3, 11]","[1, 2, 2]"
126,"(36, 3, 11, 1, 2, 2)","[36, 3, 11]","[1, 2, 2]"
127,"(36, 3, 11, 1, 2, 2)","[36, 3, 11]","[1, 2, 2]"
128,"(36, 3, 11, 1, 2, 2)","[36, 3, 11]","[1, 2, 2]"
129,"(36, 3, 11, 1, 2, 2)","[36, 3, 11]","[1, 2, 2]"
130,"(36, 3, 11, 1, 2, 2)","[36, 3, 11]","[1, 2, 2]"
131,"(36, 3, 11, 1, 2, 2)","[36, 3, 11]","[1, 2, 2]"
132,"(36, 3, 11, 1, 2, 2)","[36, 3, 11]","[1, 2, 2]"
133,"(36, 3, 11, 1, 2, 2)","[36, 3, 11]","[1, 2, 2]"
134,"(36, 3, 11, 1, 2, 2)","[36, 3, 11]","[1, 2, 2]"
135,"(36, 3, 11, 1, 2, 2)","[36, 3, 11]","[1, 2, 2]"
136,"(36, 3, 11, 1, 2, 2)","[36, 3, 11]","[1, 2, 2]"
137,"(36, 3, 11, 1, 2, 2)","[36, 3, 11]","[1, 2, 2]"
138,"(36, 3, 11, 1, 2, 2)","[36, 3, 11]","[1, 2, 2]"
139,"(36, 3, 11, 1, 2, 2)","[36, 3, 11]","[1, 2, 2]"
140,"(36, 3, 11, 1, 2, 2)","[36, 3, 11]","[1, 2, 2]"
141,"(36, 3, 11, 1, 2, 2)","[36, 3, 11]","[1, 2, 2]"
142,"(36, 3, 11, 1, 2, 2)","[36, 3, 11]","[1, 2, 2]"
143,"(36, 3, 11, 1, 2, 2)","[36, 3, 11]","[1, 2, 2]"
144,"(36, 3, 11, 1, 2, 2)","[36, 3, 11]","[1, 2, 2]"
145,"(36, 3, 11, 1, 2, 2)","[36, 3, 11]","[1, 2, 2]"
146,"(36, 3, 11, 1, 2, 2)","[36, 3, 11]","[1, 2, 2]"
147,"(36, 3, 11, 1, 2, 2)","[36, 3, 11]","[1, 2, 2]"
148,"(36, 3, 11, 1, 2, 2)","[36, 3, 11]","[1, 2, 2]"
149,"(36, 3, 11, 1, 2, 2)","[36, 3, 11]","[1, 2, 2]"
150,"(36, 3, 11, 1, 2, 2)","[36, 3, 11]","[1, 2, 2]"
151,"(36, 3, 11, 1, 2, 2)","[36, 3, 11]","[1, 2, 2]"
152,"(36, 3, 11, 1, 2, 2)","[36, 3, 11]","[1, 2, 2]"
153,"(36, 3, 11, 1, 2, 2)","[36, 3, 11]","[1, 2, 2]"
154,"(36, 3, 11, 1, 2, 2)","[36, 3, 11]","[1, 2, 2]"
155,"(36, 3, 11, 1, 2, 2)","[36, 3, 11]","[1, 2, 2]"
156,"(36, 3, 11, 1, 2, 2)","[36, 3, 11]","[1, 2, 2]"
157,"(36, 3, 11, 1, 2, 2)","[36, 3, 11]","[1, 2, 2]"
158,"(36, 3, 11, 1, 2, 2)","[36, 3, 11]","[1, 2, 2]"
159,"(36, 3, 11, 1, 2, 2)","[36, 3, 11]","[1, 2, 2]"
160,"(36, 3, 11, 1, 2, 2)","[36, 3, 11]","[1, 2, 2]"
161,"(36, 3, 11, 1, 2, 2)","[36, 3, 11]","[1, 2, 2]"
162,"(36, 3, 11, 1, 2, 2)","[36, 3, 11]","[1, 2, 2]"
163,"(36, 3, 11, 1, 2, 2)","[36, 3, 11]","[1, 2, 2]"
164,"(36, 3, 11, 1, 2, 2)","[36, 3, 11]","[1, 2, 2]"
165,"(36, 3, 11, 1, 2, 2)","[36, 3, 11]","[1, 2, 2]"
166,"(36, 3, 11, 1, 2, 2)","[36, 3, 11]","[1, 2, 2]"
167,"(36, 3, 11, 1, 2, 2)","[36, 3, 11]","[1, 2, 2]"
168,"(36, 3, 11, 1, 2, 2)","[36, 3, 11]","[1, 2, 2]"
169,"(36, 3, 11, 1, 2, 2)","[36, 3, 11]","[1, 2, 2]"
170,"(36, 3, 11, 1, 2, 2)","[36, 3, 11]","[1, 2, 2]"
171,"(36, 3, 11, 1, 2, 2)","[36, 3, 11]","[1, 2, 2]"
172,"(36, 3, 11, 1, 2, 2)","[36, 3, 11]","[1, 2, 2]"
173,"(36, 3, 11, 1, 2, 2)","[36, 3, 11]","[1, 2, 2]"
174,"(36, 3, 11, 1, 2, 2)","[36, 3, 11]","[1, 2, 2]"
175,"(36, 3, 11, 1, 2, 2)","[36, 3, 11]","[1, 2, 2]"
176,"(36, 3, 11, 1, 2, 2)","[36, 3, 11]","[1, 2, 2]"
177,"(36, 3, 11, 1, 2, 2)","[36, 3, 11]","[1, 2, 2]"
178,"(36, 3, 11, 1, 2, 2)","[36, 3, 11]","[1, 2, 2]"
179,"(36, 3, 11, 1, 2, 2)","[36, 3, 11]","[1, 2, 2]"
180,"(36, 3, 11, 1, 2, 2)","[36, 3, 11]","[1, 2, 2]"
181,"(36, 3, 11, 1, 2, 2)","[36, 3, 11]","[1, 2, 2]"
182,"(36, 3, 11, 1, 2, 2)","[36, 3, 11]","[1, 2, 2]"
183,"(36, 3, 11, 1, 2, 2)","[36, 3, 11]","[1, 2, 2]"
184,"(36, 3, 11, 1, 2, 2)","[36, 3, 11]","[1, 2, 2]"
185,"(36, 3, 11, 1, 2, 2)","[36, 3, 11]","[1, 2, 2]"
186,"(36, 3, 11, 1, 2, 2)","[36, 3, 11]","[1, 2, 2]"
187,"(36, 3, 11, 1, 2, 2)","[36, 3, 11]","[1, 2, 2]"
188,"(36, 3, 11, 1, 2, 2)","[36, 3, 11]","[1, 2, 2]"
189,"(36, 3, 11, 1, 2, 2)","[36, 3, 11]","[1, 2, 2]"
190,"(36, 3, 11, 1, 2, 2)","[36, 3, 11]","[1, 2, 2]"
191,"(36, 3, 11, 1, 2, 2)","[36, 3, 11]","[1, 2, 2]"
192,"(36, 3, 11, 1, 2, 2)","[36, 3, 11]","[1, 2, 2]"
193,"(36, 3, 11, 1, 2, 2)","[36, 3, 11]","[1, 2, 2]"
194,"(36, 3, 11, 1, 2, 2)","[36, 3, 11]","[1, 2, 2]"
195,"(36, 3, 11, 1, 2, 2)","[36, 3, 11]","[1, 2, 2]"
196,"(36, 3, 11, 1, 2, 2)","[36, 3, 11]","[1, 2, 2]"
197,"(36, 3, 11, 1, 2, 2)","[36, 3, 11]","[1, 2, 2]"
198,"(36, 3, 11, 1, 2, 2)","[36, 3, 11]","[1, 2, 2]"
199,"(36, 3, 11, 1, 2, 2)","[36, 3, 11]","[1, 2, 2]"
200,"(36, 3, 11, 1, 2, 2)","[36, 3, 11]","[1, 2, 2]"
201,"(36, 3, 11, 1, 2, 2)","[36, 3, 11]","[1, 2, 2]"
202,"(36, 3, 11, 1, 2, 2)","[36, 3, 11]","[1, 2, 2]"
203,"(36, 3, 11, 1, 2, 2)","[36, 3, 11]","[1, 2, 2]"
204,"(36, 3, 11, 1, 2, 2)","[36, 3, 11]","[1, 2, 2]"
205,"(36, 3, 11, 1, 2, 2)","[36, 3, 11]","[1, 2, 2]"
206,"(36, 3, 11, 1, 2, 2)","[36, 3, 11]","[1, 2, 2]"
207,"(36, 3, 11, 1, 2, 2)","[36, 3, 11]","[1, 2, 2]"
208,"(36, 3, 11, 1, 2, 2)","[36, 3, 11]","[1, 2, 2]"
209,"(36, 3, 11, 1, 2, 2)","[36, 3, 11]","[1, 2, 2]"
210,"(36, 3, 11, 1, 2, 2)","[36, 3, 11]","[1, 2, 2]"
211,"(36, 3, 11, 1, 2, 2)","[36, 3, 11]","[1, 2, 2]"
212,"(36, 3, 11, 1, 2, 2)","[36, 3, 11]","[1, 2, 2]"
213,"(36, 3, 11, 1, 2, 2)","[36, 3, 11]","[1, 2, 2]"
214,"(36, 3, 11, 1, 2, 2)","[36, 3, 11]","[1, 2, 2]"
215,"(36, 3, 11, 1, 2, 2)","[36, 3, 11]","[1, 2, 2]"
216,"(36, 3, 11, 1, 2, 2)","[36, 3, 11]","[1, 2, 2]"
217,"(36, 3, 11, 1, 2, 2)","[36, 3, 11]","[1, 2, 2]"
218,"(36, 3, 11, 1, 2, 2)","[36, 3, 11]","[1, 2, 2]"
219,"(36, 3, 11, 1, 2, 2)","[36, 3, 11]","[1, 2, 2]"
220,"(36, 3, 11, 1, 2, 2)","[36, 3, 11]","[1, 2, 2]"
221,"(36, 3, 11, 1, 2, 2)","[36, 3, 11]","[1, 2, 2]"
222,"(36, 3, 11, 1, 2, 2)","[36, 3, 11]","[1, 2, 2]"
223,"(36, 3, 11, 1, 2, 2)","[36, 3, 11]","[1, 2, 2]"
224,"(36, 3, 11, 1, 2, 2)","[36, 3, 11]","[1, 2, 2]"
225,"(36, 3, 11, 1, 2, 2)","[36, 3, 11]","[1, 2, 2]"
226,"(36, 3, 11, 1, 2, 2)","[36, 3, 11]","[1, 2, 2]"
227,"(36, 3, 11, 1, 2, 2)","[36, 3, 11]","[1, 2, 2]"
228,"(36, 3, 11, 1, 2, 2)","[36, 3, 11]","[1, 2, 2]"
229,"(36, 3, 11, 1, 2, 2)","[36, 3, 11]","[1, 2, 2]"
230,"(36, 3, 11, 1, 2, 2)","[36, 3, 11]","[1, 2, 2]"
231,"(36, 3, 11, 1, 2, 2)","[36, 3, 11]","[1, 2, 2]"
232,"(36, 3, 11, 1, 2, 2)","[36, 3, 11]","[1, 2, 2]"
233,"(36, 3, 11, 1, 2, 2)","[36, 3, 11]","[1, 2, 2]"
234,"(36, 3, 11, 1, 2, 2)","[36, 3, 11]","[1, 2, 2]"
235,"(36, 3, 11, 1, 2, 2)","[36, 3, 11]","[1, 2, 2]"
236,"(36, 3, 11, 1, 2, 2)","[36, 3, 11]","[1, 2, 2]"
237,"(36, 3, 11, 1, 2, 2)","[36, 3, 11]","[1, 2, 2]"
238,"(36, 3, 11, 1, 2, 2)","[36, 3, 11]","[1, 2, 2]"
239,"(36, 3, 11, 1, 2, 2)","[36, 3, 11]","[1, 2, 2]"
240,"(36, 3, 11, 1, 2, 2)","[36, 3, 11]","[1, 2, 2]"
241,"(36, 3, 11, 1, 2, 2)","[36, 3, 11]","[1, 2, 2]"
242,"(36, 3, 11, 1, 2, 2)","[36, 3, 11]","[1, 2, 2]"
243,"(36, 3, 11, 1, 2, 2)","[36, 3, 11]","[1, 2, 2]"
244,"(36, 3, 11, 1, 2, 2)","[36, 3, 11]","[1, 2, 2]"
245,"(36, 3, 11, 1, 2, 2)","[36, 3, 11]","[1, 2, 2]"
246,"(36, 3, 11, 1, 2, 2)","[36, 3, 11]","[1, 2, 2]"
247,"(36, 3, 11, 1, 2, 2)","[36, 3, 11]","[1, 2, 2]"
248,"(36, 3, 11, 1, 2, 2)","[36, 3, 11]","[1, 2, 2]"
249,"(36, 3, 11, 1, 2, 2)","[36, 3, 11]","[1, 2, 2]"
250,"(36, 3, 11, 1, 2, 2)","[36, 3, 11]","[1, 2, 2]"
251,"(36, 3, 11, 1, 2, 2)","[36, 3, 11]","[1, 2, 2]"
252,"(36, 3, 11, 1, 2, 2)","[36, 3, 11]","[1, 2, 2]"
253,"(36, 3, 11, 1, 2, 2)","[36, 3, 11]","[1, 2, 2]"
254,"(36, 3, 11, 1, 2, 2)","[36, 3, 11]","[1, 2, 2]"
255,"(36, 3, 11, 1, 2, 2)","[36, 3, 11]","[1, 2, 2]"
256,"(36, 3, 11, 1, 2, 2)","[36, 3, 11]","[1, 2, 2]"
257,"(36, 3, 11, 1, 2, 2)","[36, 3, 11]","[1, 2, 2]"
258,"(36, 3, 11, 1, 2, 2)","[36, 3, 11]","[1, 2, 2]"
259,"(36, 3, 11, 1, 2, 2)","[36, 3, 11]","[1, 2, 2]"
260,"(36, 3, 11, 1, 2, 2)","[36, 3, 11]","[1, 2, 2]"
261,"(36, 3, 11, 1, 2, 2)","[36, 3, 11]","[1, 2, 2]"
262,"(36, 3, 11, 1, 2, 2)","[36, 3, 11]","[1, 2, 2]"
263,"(36, 3, 11, 1, 2, 2)","[36, 3, 11]","[1, 2, 2]"
264,"(36, 3, 11, 1, 2, 2)","[36, 3, 11]","[1, 2, 2]"
265,"(36, 3, 11, 1, 2, 2)","[36, 3, 11]","[1, 2, 2]"
266,"(36, 3, 11, 1, 2, 2)","[36, 3, 11]","[1, 2, 2]"
267,"(36, 3, 11, 1, 2, 2)","[36, 3, 11]","[1, 2, 2]"
268,"(36, 3, 11, 1, 2, 2)","[36, 3, 11]","[1, 2, 2]"
269,"(36, 3, 11, 1, 2, 2)","[36, 3, 11]","[1, 2, 2]"
270,"(36, 3, 11, 1, 2, 2)","[36, 3, 11]","[1, 2, 2]"
271,"(36, 3, 11, 1, 2, 2)","[36, 3, 11]","[1, 2, 2]"
272,"(36, 3, 11, 1, 2, 2)","[36, 3, 11]","[1, 2, 2]"
273,"(36, 3, 11, 1, 2, 2)","[36, 3, 11]","[1, 2, 2]"
274,"(36, 3, 11, 1, 2, 2)","[36, 3, 11]","[1, 2, 2]"
275,"(36, 3, 11, 1, 2, 2)","[36, 3, 11]","[1, 2, 2]"
276,"(36, 3, 11, 1, 2, 2)","[36, 3, 11]","[1, 2, 2]"
277,"(36, 3, 11, 1, 2, 2)","[36, 3, 11]","[1, 2, 2]"
278,"(36, 3, 11, 1, 2, 2)","[36, 3, 11]","[1, 2, 2]"
279,"(36, 3, 11, 1, 2, 2)","[36, 3, 11]","[1, 2, 2]"
280,"(36, 3, 11, 1, 2, 2)","[36, 3, 11]","[1, 2, 2]"
281,"(36, 3, 11, 1, 2, 2)","[36, 3, 11]","[1, 2, 2]"
282,"(36, 3, 11, 1, 2, 2)","[36, 3, 11]","[1, 2, 2]"
283,"(36, 3, 11, 1, 2, 2)","[36, 3, 11]","[1, 2, 2]"
284,"(36, 3, 11, 1, 2, 2)","[36, 3, 11]","[1, 2, 2]"
285,"(36, 3, 11, 1, 2, 2)","[36, 3, 11]","[1, 2, 2]"
286,"(36, 3, 11, 1, 2, 2)","[36, 3, 11]","[1, 2, 2]"
287,"(36, 3, 11, 1, 2, 2)","[36, 3, 11]","[1, 2, 2]"
288,"(36, 3, 11, 1, 2, 2)","[36, 3, 11]","[1, 2, 2]"
289,"(36, 3, 11, 1, 2, 2)","[36, 3, 11]","[1, 2, 2]"
290,"(36, 3, 11, 1, 2, 2)","[36, 3, 11]","[1, 2, 2]"
291,"(36, 3, 11, 1, 2, 2)","[36, 3, 11]","[1, 2, 2]"
292,"(36, 3, 11, 1, 2, 2)","[36, 3, 11]","[1, 2, 2]"
293,"(36, 3, 11, 1, 2, 2)","[36, 3, 11]","[1, 2, 2]"
294,"(36, 3, 11, 1, 2, 2)","[36, 3, 11]","[1, 2, 2]"
295,"(36, 3, 11, 1, 2, 2)","[36, 3, 11]","[1, 2, 2]"
296,"(36, 3, 11, 1, 2, 2)","[36, 3, 11]","[1, 2, 2]"
297,"(36, 3, 11, 1, 2, 2)","[36, 3, 11]","[1, 2, 2]"
298,"(36, 3, 11, 1, 2, 2)","[36, 3, 11]","[1, 2, 2]"
299,"(36, 3, 11, 1, 2, 2)","[36, 3, 11]","[1, 2, 2]"
300,"(36, 3, 11, 1, 2, 2)","[36, 3, 11]","[1, 2, 2]"
301,"(36, 3, 11, 1, 2, 2)","[36, 3, 11]","[1, 2, 2]"
302,"(36, 3, 11, 1, 2, 2)","[36, 3, 11]","[1, 2, 2]"
303,"(36, 3, 11, 1, 2, 2)","[36, 3, 11]","[1, 2, 2]"
304,"(36, 3, 11, 1, 2, 2)","[36, 3, 11]","[1, 2, 2]"
305,"(36, 3, 11, 1, 2, 2)","[36, 3, 11]","[1, 2, 2]"
306,"(36, 3, 11, 1, 2, 2)","[36, 3, 11]","[1, 2, 2]"
307,"(36, 3, 11, 1, 2, 2)","[36, 3, 11]","[1, 2, 2]"
308,"(36, 3, 11, 1, 2, 2)","[36, 3, 11]","[1, 2, 2]"
309,"(36, 3, 11, 1, 2, 2)","[36, 3, 11]","[1, 2, 2]"
310,"(36, 3, 11, 1, 2, 2)","[36, 3, 11]","[1, 2, 2]"
311,"(36, 3, 11, 1, 2, 2)","[36, 3, 11]","[1, 2, 2]"
312,"(36, 3, 11, 1, 2, 2)","[36, 3, 11]","[1, 2, 2]"
313,"(36, 3, 11, 1, 2, 2)","[36, 3, 11]","[1, 2, 2]"
314,"(36, 3, 11, 1, 2, 2)","[36, 3, 11]","[1, 2, 2]"
315,"(36, 3, 11, 1, 2, 2)","[36, 3, 11]","[1, 2, 2]"
316,"(36, 3, 11, 1, 2, 2)","[36, 3, 11]","[1, 2, 2]"
317,"(36, 3, 11, 1, 2, 2)","[36, 3, 11]","[1, 2, 2]"
318,"(36, 3, 11, 1, 2, 2)","[36, 3, 11]","[1, 2, 2]"
319,"(36, 3, 11, 1, 2, 2)","[36, 3, 11]","[1, 2, 2]"
320,"(36, 3, 11, 1, 2, 2)","[36, 3, 11]","[1, 2, 2]"
321,"(36, 3, 11, 1, 2, 2)","[36, 3, 11]","[1, 2, 2]"
322,"(36, 3, 11, 1, 2, 2)","[36, 3, 11]","[1, 2, 2]"
323,"(36, 3, 11, 1, 2, 2)","[36, 3, 11]","[1, 2, 2]"
324,"(36, 3, 11, 1, 2, 2)","[36, 3, 11]","[1, 2, 2]"
325,"(36, 3, 11, 1, 2, 2)","[36, 3, 11]","[1, 2, 2]"
326,"(36, 3, 11, 1, 2, 2)","[36, 3, 11]","[1, 2, 2]"
327,"(36, 3, 11, 1, 2, 2)","[36, 3, 11]","[1, 2, 2]"
328,"(36, 3, 11, 1, 2, 2)","[36, 3, 11]","[1, 2, 2]"
329,"(36, 3, 11, 1, 2, 2)","[36, 3, 11]","[1, 2, 2]"
330,"(36, 3, 11, 1, 2, 2)","[36, 3, 11]","[1, 2, 2]"
331,"(36, 3, 11, 1, 2, 2)","[36, 3, 11]","[1, 2, 2]"
332,"(36, 3, 11, 1, 2, 2)","[36, 3, 11]","[1, 2, 2]"
333,"(36, 3, 11, 1, 2, 2)","[36, 3, 11]","[1, 2, 2]"
334,"(36, 3, 11, 1, 2, 2)","[36, 3, 11]","[1, 2, 2]"
335,"(36, 3, 11, 1, 2, 2)","[36, 3, 11]","[1, 2, 2]"
336,"(36, 3, 11, 1, 2, 2)","[36, 3, 11]","[1, 2, 2]"
337,"(36, 3, 11, 1, 2, 2)","[36, 3, 11]","[1, 2, 2]"
338,"(36, 3, 11, 1, 2, 2)","[36, 3, 11]","[1, 2, 2]"
339,"(36, 3, 11, 1, 2, 2)","[36, 3, 11]","[1, 2, 2]"
340,"(36, 3, 11, 1, 2, 2)","[36, 3, 11]","[1, 2, 2]"
341,"(36, 3, 11, 1, 2, 2)","[36, 3, 11]","[1, 2, 2]"
342,"(36, 3, 11, 1, 2, 2)","[36, 3, 11]","[1, 2, 2]"
343,"(36, 3, 11, 1, 2, 2)","[36, 3, 11]","[1, 2, 2]"
344,"(36, 3, 11, 1, 2, 2)","[36, 3, 11]","[1, 2, 2]"
345,"(36, 3, 11, 1, 2, 2)","[36, 3, 11]","[1, 2, 2]"
346,"(36, 3, 11, 1, 2, 2)","[36, 3, 11]","[1, 2, 2]"
347,"(36, 3, 11, 1, 2, 2)","[36, 3, 11]","[1, 2, 2]"
348,"(36, 3, 11, 1, 2, 2)","[36, 3, 11]","[1, 2, 2]"
349,"(36, 3, 11, 1, 2, 2)","[36, 3, 11]","[1, 2, 2]"
350,"(36, 3, 11, 1, 2, 2)","[36, 3, 11]","[1, 2, 2]"
351,"(36, 3, 11, 1, 2, 2)","[36, 3, 11]","[1, 2, 2]"
352,"(36, 3, 11, 1, 2, 2)","[36, 3, 11]","[1, 2, 2]"
353,"(36, 3, 11, 1, 2, 2)","[36, 3, 11]","[1, 2, 2]"
354,"(36, 3, 11, 1, 2, 2)","[36, 3, 11]","[1, 2, 2]"
355,"(36, 3, 11, 1, 2, 2)","[36, 3, 11]","[1, 2, 2]"
356,"(36, 3, 11, 1, 2, 2)","[36, 3, 11]","[1, 2, 2]"
357,"(36, 3, 11, 1, 2, 2)","[36, 3, 11]","[1, 2, 2]"
358,"(36, 3, 11, 1, 2, 2)","[36, 3, 11]","[1, 2, 2]"
359,"(36, 3, 11, 1, 2, 2)","[36, 3, 11]","[1, 2, 2]"
360,"(36, 3, 11, 1, 2, 2)","[36, 3, 11]","[1, 2, 2]"
361,"(36, 3, 11, 1, 2, 2)","[36, 3, 11]","[1, 2, 2]"
362,"(36, 3, 11, 1, 2, 2)","[36, 3, 11]","[1, 2, 2]"
363,"(36, 3, 11, 1, 2, 2)","[36, 3, 11]","[1, 2, 2]"
364,"(36, 3, 11, 1, 2, 2)","[36, 3, 11]","[1, 2, 2]"
365,"(36, 3, 11, 1, 2, 2)","[36, 3, 11]","[1, 2, 2]"
366,"(36, 3, 11, 1, 2, 2)","[36, 3, 11]","[1, 2, 2]"
367,"(36, 3, 11, 1, 2, 2)","[36, 3, 11]","[1, 2, 2]"
368,"(36, 3, 11, 1, 2, 2)","[36, 3, 11]","[1, 2, 2]"
369,"(36, 3, 11, 1, 2, 2)","[36, 3, 11]","[1, 2, 2]"
370,"(36, 3, 11, 1, 2, 2)","[36, 3, 11]","[1, 2, 2]"
371,"(36, 3, 11, 1, 2, 2)","[36, 3, 11]","[1, 2, 2]"
372,"(36, 3, 11, 1, 2, 2)","[36, 3, 11]","[1, 2, 2]"
373,"(36, 3, 11, 1, 2, 2)","[36, 3, 11]","[1, 2, 2]"
374,"(36, 3, 11, 1, 2, 2)","[36, 3, 11]","[1, 2, 2]"
375,"(36, 3, 11, 1, 2, 2)","[36, 3, 11]","[1, 2, 2]"
376,"(36, 3, 11, 1, 2, 2)","[36, 3, 11]","[1, 2, 2]"
377,"(36, 3, 11, 1, 2, 2)","[36, 3, 11]","[1, 2, 2]"
378,"(36, 3, 11, 1, 2, 2)","[36, 3, 11]","[1, 2, 2]"
379,"(36, 3, 11, 1, 2, 2)","[36, 3, 11]","[1, 2, 2]"
380,"(36, 3, 11, 1, 2, 2)","[36, 3, 11]","[1, 2, 2]"
381,"(36, 3, 11, 1, 2, 2)","[36, 3, 11]","[1, 2, 2]"
382,"(36, 3, 11, 1, 2, 2)","[36, 3, 11]","[1, 2, 2]"
383,"(36, 3, 11, 1, 2, 2)","[36, 3, 11]","[1, 2, 2]"
384,"(36, 3, 11, 1, 2, 2)","[36, 3, 11]","[1, 2, 2]"
385,"(36, 3, 11, 1, 2, 2)","[36, 3, 11]","[1, 2, 2]"
386,"(36, 3, 11, 1, 2, 2)","[36, 3, 11]","[1, 2, 2]"
387,"(36, 3, 11, 1, 2, 2)","[36, 3, 11]","[1, 2, 2]"
388,"(36, 3, 11, 1, 2, 2)","[36, 3, 11]","[1, 2, 2]"
389,"(36, 3, 11, 1, 2, 2)","[36, 3, 11]","[1, 2, 2]"
390,"(36, 3, 11, 1, 2, 2)","[36, 3, 11]","[1, 2, 2]"
391,"(36, 3, 11, 1, 2, 2)","[36, 3, 11]","[1, 2, 2]"
392,"(36, 3, 11, 1, 2, 2)","[36, 3, 11]","[1, 2, 2]"
393,"(36, 3, 11, 1, 2, 2)","[36, 3, 11]","[1, 2, 2]"
394,"(36, 3, 11, 1, 2, 2)","[36, 3, 11]","[1, 2, 2]"
395,"(36, 3, 11, 1, 2, 2)","[36, 3, 11]","[1, 2, 2]"
396,"(36, 3, 11, 1, 2, 2)","[36, 3, 11]","[1, 2, 2]"
397,"(36, 3, 11, 1, 2, 2)","[36, 3, 11]","[1, 2, 2]"
398,"(36, 3, 11, 1, 2, 2)","[36, 3, 11]","[1, 2, 2]"
399,"(36, 3, 11, 1, 2, 2)","[36, 3, 11]","[1, 2, 2]"
400,"(36, 3, 11, 1, 2, 2)","[36, 3, 11]","[1, 2, 2]"
401,"(36, 3, 11, 1, 2, 2)","[36, 3, 11]","[1, 2, 2]"
402,"(36, 3, 11, 1, 2, 2)","[36, 3, 11]","[1, 2, 2]"
403,"(36, 3, 11, 1, 2, 2)","[36, 3, 11]","[1, 2, 2]"
404,"(36, 3, 11, 1, 2, 2)","[36, 3, 11]","[1, 2, 2]"
405,"(36, 3, 11, 1, 2, 2)","[36, 3, 11]","[1, 2, 2]"
406,"(36, 3, 11, 1, 2, 2)","[36, 3, 11]","[1, 2, 2]"
407,"(36, 3, 11, 1, 2, 2)","[36, 3, 11]","[1, 2, 2]"
408,"(36, 3, 11, 1, 2, 2)","[36, 3, 11]","[1, 2, 2]"
409,"(36, 3, 11, 1, 2, 2)","[36, 3, 11]","[1, 2, 2]"
410,"(36, 3, 11, 1, 2, 2)","[36, 3, 11]","[1, 2, 2]"
411,"(36, 3, 11, 1, 2, 2)","[36, 3, 11]","[1, 2, 2]"
412,"(36, 3, 11, 1, 2, 2)","[36, 3, 11]","[1, 2, 2]"
413,"(36, 3, 11, 1, 2, 2)","[36, 3, 11]","[1, 2, 2]"
414,"(36, 3, 11, 1, 2, 2)","[36, 3, 11]","[1, 2, 2]"
415,"(36, 3, 11, 1, 2, 2)","[36, 3, 11]","[1, 2, 2]"
416,"(36, 3, 11, 1, 2, 2)","[36, 3, 11]","[1, 2, 2]"
417,"(36, 3, 11, 1, 2, 2)","[36, 3, 11]","[1, 2, 2]"
418,"(36, 3, 11, 1, 2, 2)","[36, 3, 11]","[1, 2, 2]"
419,"(36, 3, 11, 1, 2, 2)","[36, 3, 11]","[1, 2, 2]"
420,"(36, 3, 11, 1, 2, 2)","[36, 3, 11]","[1, 2, 2]"
421,"(36, 3, 11, 1, 2, 2)","[36, 3, 11]","[1, 2, 2]"
422,"(36, 3, 11, 1, 2, 2)","[36, 3, 11]","[1, 2, 2]"
423,"(36, 3, 11, 1, 2, 2)","[36, 3, 11]","[1, 2, 2]"
424,"(36, 3, 11, 1, 2, 2)","[36, 3, 11]","[1, 2, 2]"
425,"(36, 3, 11, 1, 2, 2)","[36, 3, 11]","[1, 2, 2]"
426,"(36, 3, 11, 1, 2, 2)","[36, 3, 11]","[1, 2, 2]"
427,"(36, 3, 11, 1, 2, 2)","[36, 3, 11]","[1, 2, 2]"
428,"(36, 3, 11, 1, 2, 2)","[36, 3, 11]","[1, 2, 2]"
429,"(36, 3, 11, 1, 2, 2)","[36, 3, 11]","[1, 2, 2]"
430,"(36, 3, 11, 1, 2, 2)","[36, 3, 11]","[1, 2, 2]"
431,"(36, 3, 11, 1, 2, 2)","[36, 3, 11]","[1, 2, 2]"
432,"(36, 3, 11, 1, 2, 2)","[36, 3, 11]","[1, 2, 2]"
433,"(36, 3, 11, 1, 2, 2)","[36, 3, 11]","[1, 2, 2]"
434,"(36, 3, 11, 1, 2, 2)","[36, 3, 11]","[1, 2, 2]"
435,"(36, 3, 11, 1, 2, 2)","[36, 3, 11]","[1, 2, 2]"
436,"(36, 3, 11, 1, 2, 2)","[36, 3, 11]","[1, 2, 2]"
437,"(36, 3, 11, 1, 2, 2)","[36, 3, 11]","[1, 2, 2]"
438,"(36, 3, 11, 1, 2, 2)","[36, 3, 11]","[1, 2, 2]"
439,"(36, 3, 11, 1, 2, 2)","[36, 3, 11]","[1, 2, 2]"
440,"(36, 3, 11, 1, 2, 2)","[36, 3, 11]","[1, 2, 2]"
441,"(36, 3, 11, 1, 2, 2)","[36, 3, 11]","[1, 2, 2]"
442,"(36, 3, 11, 1, 2, 2)","[36, 3, 11]","[1, 2, 2]"
443,"(36, 3, 11, 1, 2, 2)","[36, 3, 11]","[1, 2, 2]"
444,"(36, 3, 11, 1, 2, 2)","[36, 3, 11]","[1, 2, 2]"
445,"(36, 3, 11, 1, 2, 2)","[36, 3, 11]","[1, 2, 2]"
446,"(36, 3, 11, 1, 2, 2)","[36, 3, 11]","[1, 2, 2]"
447,"(36, 3, 11, 1, 2, 2)","[36, 3, 11]","[1, 2, 2]"
448,"(36, 3, 11, 1, 2, 2)","[36, 3, 11]","[1, 2, 2]"
449,"(36, 3, 11, 1, 2, 2)","[36, 3, 11]","[1, 2, 2]"
450,"(36, 3, 11, 1, 2, 2)","[36, 3, 11]","[1, 2, 2]"
451,"(36, 3, 11, 1, 2, 2)","[36, 3, 11]","[1, 2, 2]"
452,"(36, 3, 11, 1, 2, 2)","[36, 3, 11]","[1, 2, 2]"
453,"(36, 3, 11, 1, 2, 2)","[36, 3, 11]","[1, 2, 2]"
454,"(36, 3, 11, 1, 2, 2)","[36, 3, 11]","[1, 2, 2]"
455,"(36, 3, 11, 1, 2, 2)","[36, 3, 11]","[1, 2, 2]"
456,"(36, 3, 11, 1, 2, 2)","[36, 3, 11]","[1, 2, 2]"
457,"(36, 3, 11, 1, 2, 2)","[36, 3, 11]","[1, 2, 2]"
458,"(36, 3, 11, 1, 2, 2)","[36, 3, 11]","[1, 2, 2]"
459,"(36, 3, 11, 1, 2, 2)","[36, 3, 11]","[1, 2, 2]"
460,"(36, 3, 11, 1, 2, 2)","[36, 3, 11]","[1, 2, 2]"
461,"(36, 3, 11, 1, 2, 2)","[36, 3, 11]","[1, 2, 2]"
462,"(36, 3, 11, 1, 2, 2)","[36, 3, 11]","[1, 2, 2]"
463,"(36, 3, 11, 1, 2, 2)","[36, 3, 11]","[1, 2, 2]"
464,"(36, 3, 11, 1, 2, 2)","[36, 3, 11]","[1, 2, 2]"
465,"(36, 3, 11, 1, 2, 2)","[36, 3, 11]","[1, 2, 2]"
466,"(36, 3, 11, 1, 2, 2)","[36, 3, 11]","[1, 2, 2]"
467,"(36, 3, 11, 1, 2, 2)","[36, 3, 11]","[1, 2, 2]"
468,"(36, 3, 11, 1, 2, 2)","[36, 3, 11]","[1, 2, 2]"
469,"(36, 3, 11, 1, 2, 2)","[36, 3, 11]","[1, 2, 2]"
470,"(36, 3, 11, 1, 2, 2)","[36, 3, 11]","[1, 2, 2]"
471,"(36, 3, 11, 1, 2, 2)","[36, 3, 11]","[1, 2, 2]"
472,"(36, 3, 11, 1, 2, 2)","[36, 3, 11]","[1, 2, 2]"
473,"(36, 3, 11, 1, 2, 2)","[36, 3, 11]","[1, 2, 2]"
474,"(36, 3, 11, 1, 2, 2)","[36, 3, 11]","[1, 2, 2]"
475,"(36, 3, 11, 1, 2, 2)","[36, 3, 11]","[1, 2, 2]"
476,"(36, 3, 11, 1, 2, 2)","[36, 3, 11]","[1, 2, 2]"
477,"(36, 3, 11, 1, 2, 2)","[36, 3, 11]","[1, 2, 2]"
478,"(36, 3, 11, 1, 2, 2)","[36, 3, 11]","[1, 2, 2]"
479,"(36, 3, 11, 1, 2, 2)","[36, 3, 11]","[1, 2, 2]"
480,"(36, 3, 11, 1, 2, 2)","[36, 3, 11]","[1, 2, 2]"
481,"(36, 3, 11, 1, 2, 2)","[36, 3, 11]","[1, 2, 2]"
482,"(36, 3, 11, 1, 2, 2)","[36, 3, 11]","[1, 2, 2]"
483,"(36, 3, 11, 1, 2, 2)","[36, 3, 11]","[1, 2, 2]"
484,"(36, 3, 11, 1, 2, 2)","[36, 3, 11]","[1, 2, 2]"
485,"(36, 3, 11, 1, 2, 2)","[36, 3, 11]","[1, 2, 2]"
486,"(36, 3, 11, 1, 2, 2)","[36, 3, 11]","[1, 2, 2]"
487,"(36, 3, 11, 1, 2, 2)","[36, 3, 11]","[1, 2, 2]"
488,"(36, 3, 11, 1, 2, 2)","[36, 3, 11]","[1, 2, 2]"
489,"(36, 3, 11, 1, 2, 2)","[36, 3, 11]","[1, 2, 2]"
490,"(36, 3, 11, 1, 2, 2)","[36, 3, 11]","[1, 2, 2]"
491,"(36, 3, 11, 1, 2, 2)","[36, 3, 11]","[1, 2, 2]"
492,"(36, 3, 11, 1, 2, 2)","[36, 3, 11]","[1, 2, 2]"
493,"(36, 3, 11, 1, 2, 2)","[36, 3, 11]","[1, 2, 2]"
494,"(36, 3, 11, 1, 2, 2)","[36, 3, 11]","[1, 2, 2]"
495,"(36, 3, 11, 1, 2, 2)","[36, 3, 11]","[1, 2, 2]"
496,"(36, 3, 11, 1, 2, 2)","[36, 3, 11]","[1, 2, 2]"
497,"(36, 3, 11, 1, 2, 2)","[36, 3, 11]","[1, 2, 2]"
498,"(36, 3, 11, 1, 2, 2)","[36, 3, 11]","[1, 2, 2]"
499,"(36, 3, 11, 1, 2, 2)","[36, 3, 11]","[1, 2, 2]"
500,"(36, 3, 11, 1, 2, 2)","[36, 3, 11]","[1, 2, 2]"
501,"(36, 3, 11, 1, 2, 2)","[36, 3, 11]","[1, 2, 2]"
502,"(36, 3, 11, 1, 2, 2)","[36, 3, 11]","[1, 2, 2]"
503,"(36, 3, 11, 1, 2, 2)","[36, 3, 11]","[1, 2, 2]"
504,"(36, 3, 11, 1, 2, 2)","[36, 3, 11]","[1, 2, 2]"
505,"(36, 3, 11, 1, 2, 2)","[36, 3, 11]","[1, 2, 2]"
506,"(36, 3, 11, 1, 2, 2)","[36, 3, 11]","[1, 2, 2]"
507,"(36, 3, 11, 1, 2, 2)","[36, 3, 11]","[1, 2, 2]"
508,"(36, 3, 11, 1, 2, 2)","[36, 3, 11]","[1, 2, 2]"
509,"(36, 3, 11, 1, 2, 2)","[36, 3, 11]","[1, 2, 2]"
510,"(36, 3, 11, 1, 2, 2)","[36, 3, 11]","[1, 2, 2]"
511,"(36, 3, 11, 1, 2, 2)","[36, 3, 11]","[1, 2, 2]"
512,"(36, 3, 11, 1, 2, 2)","[36, 3, 11]","[1, 2, 2]"
513,"(36, 3, 11, 1, 2, 2)","[36, 3, 11]","[1, 2, 2]"
514,"(36, 3, 11, 1, 2, 2)","[36, 3, 11]","[1, 2, 2]"
515,"(36, 3, 11, 1, 2, 2)","[36, 3, 11]","[1, 2, 2]"
516,"(36, 3, 11, 1, 2, 2)","[36, 3, 11]","[1, 2, 2]"
517,"(36, 3, 11, 1, 2, 2)","[36, 3, 11]","[1, 2, 2]"
518,"(36, 3, 11, 1, 2, 2)","[36, 3, 11]","[1, 2, 2]"
519,"(36, 3, 11, 1, 2, 2)","[36, 3, 11]","[1, 2, 2]"
520,"(36, 3, 11, 1, 2, 2)","[36, 3, 11]","[1, 2, 2]"
521,"(36, 3, 11, 1, 2, 2)","[36, 3, 11]","[1, 2, 2]"
522,"(36, 3, 11, 1, 2, 2)","[36, 3, 11]","[1, 2, 2]"
523,"(36, 3, 11, 1, 2, 2)","[36, 3, 11]","[1, 2, 2]"
524,"(36, 3, 11, 1, 2, 2)","[36, 3, 11]","[1, 2, 2]"
525,"(36, 3, 11, 1, 2, 2)","[36, 3, 11]","[1, 2, 2]"
526,"(36, 3, 11, 1, 2, 2)","[36, 3, 11]","[1, 2, 2]"
527,"(36, 3, 11, 1, 2, 2)","[36, 3, 11]","[1, 2, 2]"
528,"(36, 3, 11, 1, 2, 2)","[36, 3, 11]","[1, 2, 2]"
529,"(36, 3, 11, 1, 2, 2)","[36, 3, 11]","[1, 2, 2]"
530,"(36, 3, 11, 1, 2, 2)","[36, 3, 11]","[1, 2, 2]"
531,"(36, 3, 11, 1, 2, 2)","[36, 3, 11]","[1, 2, 2]"
532,"(36, 3, 11, 1, 2, 2)","[36, 3, 11]","[1, 2, 2]"
533,"(36, 3, 11, 1, 2, 2)","[36, 3, 11]","[1, 2, 2]"
534,"(36, 3, 11, 1, 2, 2)","[36, 3, 11]","[1, 2, 2]"
535,"(36, 3, 11, 1, 2, 2)","[36, 3, 11]","[1, 2, 2]"
536,"(36, 3, 11, 1, 2, 2)","[36, 3, 11]","[1, 2, 2]"
537,"(36, 3, 11, 1, 2, 2)","[36, 3, 11]","[1, 2, 2]"
538,"(36, 3, 11, 1, 2, 2)","[36, 3, 11]","[1, 2, 2]"
539,"(36, 3, 11, 1, 2, 2)","[36, 3, 11]","[1, 2, 2]"
540,"(36, 3, 11, 1, 2, 2)","[36, 3, 11]","[1, 2, 2]"
541,"(36, 3, 11, 1, 2, 2)","[36, 3, 11]","[1, 2, 2]"
542,"(36, 3, 11, 1, 2, 2)","[36, 3, 11]","[1, 2, 2]"
543,"(36, 3, 11, 1, 2, 2)","[36, 3, 11]","[1, 2, 2]"
544,"(36, 3, 11, 1, 2, 2)","[36, 3, 11]","[1, 2, 2]"
545,"(36, 3, 11, 1, 2, 2)","[36, 3, 11]","[1, 2, 2]"
546,"(36, 3, 11, 1, 2, 2)","[36, 3, 11]","[1, 2, 2]"
547,"(36, 3, 11, 1, 2, 2)","[36, 3, 11]","[1, 2, 2]"
548,"(36, 3, 11, 1, 2, 2)","[36, 3, 11]","[1, 2, 2]"
549,"(36, 3, 11, 1, 2, 2)","[36, 3, 11]","[1, 2, 2]"
550,"(36, 3, 11, 1, 2, 2)","[36, 3, 11]","[1, 2, 2]"
551,"(36, 3, 11, 1, 2, 2)","[36, 3, 11]","[1, 2, 2]"
552,"(36, 3, 11, 1, 2, 2)","[36, 3, 11]","[1, 2, 2]"
553,"(36, 3, 11, 1, 2, 2)","[36, 3, 11]","[1, 2, 2]"
554,"(36, 3, 11, 1, 2, 2)","[36, 3, 11]","[1, 2, 2]"
555,"(36, 3, 11, 1, 2, 2)","[36, 3, 11]","[1, 2, 2]"
556,"(36, 3, 11, 1, 2, 2)","[36, 3, 11]","[1, 2, 2]"
557,"(36, 3, 11, 1, 2, 2)","[36, 3, 11]","[1, 2, 2]"
558,"(36, 3, 11, 1, 2, 2)","[36, 3, 11]","[1, 2, 2]"
559,"(36, 3, 11, 1, 2, 2)","[36, 3, 11]","[1, 2, 2]"
560,"(36, 3, 11, 1, 2, 2)","[36, 3, 11]","[1, 2, 2]"
561,"(36, 3, 11, 1, 2, 2)","[36, 3, 11]","[1, 2, 2]"
562,"(36, 3, 11, 1, 2, 2)","[36, 3, 11]","[1, 2, 2]"
563,"(36, 3, 11, 1, 2, 2)","[36, 3, 11]","[1, 2, 2]"
564,"(36, 3, 11, 1, 2, 2)","[36, 3, 11]","[1, 2, 2]"
565,"(36, 3, 11, 1, 2, 2)","[36, 3, 11]","[1, 2, 2]"
566,"(36, 3, 11, 1, 2, 2)","[36, 3, 11]","[1, 2, 2]"
567,"(36, 3, 11, 1, 2, 2)","[36, 3, 11]","[1, 2, 2]"
568,"(36, 3, 11, 1, 2, 2)","[36, 3, 11]","[1, 2, 2]"
569,"(36, 3, 11, 1, 2, 2)","[36, 3, 11]","[1, 2, 2]"
570,"(36, 3, 11, 1, 2, 2)","[36, 3, 11]","[1, 2, 2]"
571,"(36, 3, 11, 1, 2, 2)","[36, 3, 11]","[1, 2, 2]"
572,"(36, 3, 11, 1, 2, 2)","[36, 3, 11]","[1, 2, 2]"
573,"(36, 3, 11, 1, 2, 2)","[36, 3, 11]","[1, 2, 2]"
574,"(36, 3, 11, 1, 2, 2)","[36, 3, 11]","[1, 2, 2]"
575,"(36, 3, 11, 1, 2, 2)","[36, 3, 11]","[1, 2, 2]"
576,"(36, 3, 11, 1, 2, 2)","[36, 3, 11]","[1, 2, 2]"
577,"(36, 3, 11, 1, 2, 2)","[36, 3, 11]","[1, 2, 2]"
578,"(36, 3, 11, 1, 2, 2)","[36, 3, 11]","[1, 2, 2]"
579,"(36, 3, 11, 1, 2, 2)","[36, 3, 11]","[1, 2, 2]"
580,"(36, 3, 11, 1, 2, 2)","[36, 3, 11]","[1, 2, 2]"
581,"(36, 3, 11, 1, 2, 2)","[36, 3, 11]","[1, 2, 2]"
582,"(36, 3, 11, 1, 2, 2)","[36, 3, 11]","[1, 2, 2]"
583,"(36, 3, 11, 1, 2, 2)","[36, 3, 11]","[1, 2, 2]"
584,"(36, 3, 11, 1, 2, 2)","[36, 3, 11]","[1, 2, 2]"
585,"(36, 3, 11, 1, 2, 2)","[36, 3, 11]","[1, 2, 2]"
586,"(36, 3, 11, 1, 2, 2)","[36, 3, 11]","[1, 2, 2]"
587,"(36, 3, 11, 1, 2, 2)","[36, 3, 11]","[1, 2, 2]"
588,"(36, 3, 11, 1, 2, 2)","[36, 3, 11]","[1, 2, 2]"
589,"(36, 3, 11, 1, 2, 2)","[36, 3, 11]","[1, 2, 2]"
590,"(36, 3, 11, 1, 2, 2)","[36, 3, 11]","[1, 2, 2]"
591,"(36, 3, 11, 1, 2, 2)","[36, 3, 11]","[1, 2, 2]"
592,"(36, 3, 11, 1, 2, 2)","[36, 3, 11]","[1, 2, 2]"
593,"(36, 3, 11, 1, 2, 2)","[36, 3, 11]","[1, 2, 2]"
594,"(36, 3, 11, 1, 2, 2)","[36, 3, 11]","[1, 2, 2]"
595,"(36, 3, 11, 1, 2, 2)","[36, 3, 11]","[1, 2, 2]"
596,"(36, 3, 11, 1, 2, 2)","[36, 3, 11]","[1, 2, 2]"
597,"(36, 3, 11, 1, 2, 2)","[36, 3, 11]","[1, 2, 2]"
598,"(36, 3, 11, 1, 2, 2)","[36, 3, 11]","[1, 2, 2]"
599,"(36, 3, 11, 1, 2, 2)","[36, 3, 11]","[1, 2, 2]"
600,"(36, 3, 11, 1, 2, 2)","[36, 3, 11]","[1, 2, 2]"
601,"(36, 3, 11, 1, 2, 2)","[36, 3, 11]","[1, 2, 2]"
602,"(36, 3, 11, 1, 2, 2)","[36, 3, 11]","[1, 2, 2]"
603,"(36, 3, 11, 1, 2, 2)","[36, 3, 11]","[1, 2, 2]"
604,"(36, 3, 11, 1, 2, 2)","[36, 3, 11]","[1, 2, 2]"
605,"(36, 3, 11, 1, 2, 2)","[36, 3, 11]","[1, 2, 2]"
606,"(36, 3, 11, 1, 2, 2)","[36, 3, 11]","[1, 2, 2]"
607,"(36, 3, 11, 1, 2, 2)","[36, 3, 11]","[1, 2, 2]"
608,"(36, 3, 11, 1, 2, 2)","[36, 3, 11]","[1, 2, 2]"
609,"(36, 3, 11, 1, 2, 2)","[36, 3, 11]","[1, 2, 2]"
610,"(36, 3, 11, 1, 2, 2)","[36, 3, 11]","[1, 2, 2]"
611,"(36, 3, 11, 1, 2, 2)","[36, 3, 11]","[1, 2, 2]"
612,"(36, 3, 11, 1, 2, 2)","[36, 3, 11]","[1, 2, 2]"
